trial,Controller,RMSE_theta,RMSE_theta_max,IAE_theta,peak_theta,peak_theta_mean,peak_u,peak_uabs,energy_u,energy_uabs,energy_z,duty_du,duty_abs,duty_normsat,rho,unstable
0,Proposed,0.0129135,0.0165281,0.145781,0.0624326,0.0410766,0.400376,0.469832,0.0567915,0.266384,16.6928,0,0.0366667,0,0.95716,0
0,PDL-Hinf(d=0.95),0.046848,0.0560825,0.486361,0.171781,0.162864,0.601234,0.598714,0.194639,0.452168,29.1131,0,0.06,0.03,0.889703,0
0,PDL-Hinf(d=0.90),0.056602,0.0842176,0.55499,0.225347,0.186143,0.501642,0.614779,0.610524,0.700798,36.197,0,0.0833333,0.0533333,0.860673,0
0,PDL-Hinf(d=0.85),0.0634072,0.0981559,0.601501,0.284527,0.205442,0.8,0.654112,2.02297,1.28365,41.1147,0.00333333,0.153333,0.0966667,0.833192,0
1,Proposed,0.0166325,0.0213712,0.18793,0.0608085,0.0481848,0.400376,0.456507,0.0564119,0.236483,19.7039,0,0.0366667,0,0.967239,0
1,PDL-Hinf(d=0.95),0.0650161,0.0764224,0.686273,0.2218,0.212087,0.58097,0.606348,0.18942,0.467885,39.4428,0,0.06,0.03,0.93906,0
1,PDL-Hinf(d=0.90),0.0783152,0.113212,0.790502,0.290603,0.24328,0.606035,0.635282,0.593911,0.766607,51.4784,0,0.0866667,0.0566667,0.868175,0
1,PDL-Hinf(d=0.85),0.0884423,0.134472,0.86024,0.361375,0.270942,0.728793,0.684358,1.91454,1.36522,60.0624,0,0.173333,0.106667,0.835181,0
2,Proposed,0.0152265,0.01814,0.173216,0.0431711,0.0411063,0.400376,0.415786,0.0610242,0.184791,19.6214,0,0.0366667,0,0.94886,0
2,PDL-Hinf(d=0.95),0.0522368,0.063861,0.536517,0.216043,0.181516,0.640238,0.469543,0.245115,0.384298,32.6358,0,0.07,0,0.893419,0
2,PDL-Hinf(d=0.90),0.064852,0.0912681,0.615914,0.339508,0.218084,0.8,0.505372,0.815427,0.731354,42.0398,0.00333333,0.136667,0.09,0.862625,0
2,PDL-Hinf(d=0.85),0.0834606,0.138645,0.783215,0.467497,0.253575,0.8,0.765993,2.23373,1.7257,59.594,0.02,0.326667,0.3,0.833748,0
3,Proposed,0.0152407,0.0191651,0.172716,0.0581669,0.0456137,0.400376,0.441901,0.0575821,0.236384,18.4584,0,0.0366667,0,0.948633,0
3,PDL-Hinf(d=0.95),0.0496717,0.0612536,0.514209,0.181697,0.171828,0.513449,0.542629,0.187914,0.466768,30.791,0,0.0633333,0.0266667,0.89538,0
3,PDL-Hinf(d=0.90),0.0594101,0.0882039,0.577015,0.255026,0.196911,0.8,0.557953,0.580593,0.764774,37.8089,0.00333333,0.12,0.0533333,0.866131,0
3,PDL-Hinf(d=0.85),0.0691637,0.100446,0.644005,0.335497,0.22145,0.8,0.5832,1.69902,1.397,44.4506,0.00333333,0.223333,0.156667,0.838002,0
4,Proposed,0.0186896,0.0242075,0.209216,0.0792749,0.0551186,0.432426,0.471128,0.0578587,0.281893,20.5057,0,0.0466667,0,0.969959,0
4,PDL-Hinf(d=0.95),0.0702173,0.0829108,0.743495,0.237961,0.226355,0.503834,0.672883,0.157061,0.603662,42.5889,0,0.07,0.0333333,0.946087,0
4,PDL-Hinf(d=0.90),0.0845155,0.121351,0.856281,0.308747,0.261214,0.526449,0.680676,0.457268,0.986969,56.0598,0,0.13,0.0633333,0.897178,0
4,PDL-Hinf(d=0.85),0.09709,0.14454,0.943246,0.394031,0.295415,0.8,0.709557,1.33535,1.60225,66.4583,0.00333333,0.246667,0.173333,0.863825,0
5,Proposed,0.0202433,0.0259762,0.232732,0.0675211,0.0552296,0.416839,0.456547,0.0574718,0.287805,21.0264,0,0.0366667,0,0.965442,0
5,PDL-Hinf(d=0.95),0.0691781,0.0818806,0.732243,0.233592,0.223157,0.569719,0.624479,0.177344,0.662645,41.9427,0,0.06,0.0333333,0.936402,0
5,PDL-Hinf(d=0.90),0.0827826,0.119255,0.836006,0.308624,0.256012,0.697897,0.660642,0.550746,1.06738,54.6768,0,0.12,0.0566667,0.874308,0
5,PDL-Hinf(d=0.85),0.0953608,0.140577,0.924943,0.399085,0.28894,0.726906,0.698672,1.57925,1.70461,64.7045,0,0.26,0.156667,0.839956,0
6,Proposed,0.0166574,0.0211751,0.190988,0.0584397,0.0481964,0.400376,0.441765,0.0572511,0.259054,18.9067,0,0.0366667,0,0.945785,0
6,PDL-Hinf(d=0.95),0.0513267,0.063134,0.533714,0.185688,0.175939,0.51794,0.547322,0.195098,0.534452,31.6613,0,0.06,0.0266667,0.901837,0
6,PDL-Hinf(d=0.90),0.0612386,0.0906023,0.596351,0.259992,0.201182,0.8,0.582619,0.616532,0.857647,38.9628,0.00333333,0.123333,0.0533333,0.872562,0
6,PDL-Hinf(d=0.85),0.0712426,0.103018,0.666536,0.339871,0.225674,0.741092,0.598493,1.81319,1.50664,45.7369,0,0.243333,0.163333,0.843704,0
7,Proposed,0.0161205,0.0199314,0.184352,0.0534187,0.0449147,0.400376,0.435918,0.0613189,0.206131,20.1004,0,0.0333333,0,0.963899,0
7,PDL-Hinf(d=0.95),0.0623684,0.0745815,0.654892,0.217029,0.206143,0.693761,0.540539,0.212648,0.393365,38.1986,0,0.06,0.0266667,0.931859,0
7,PDL-Hinf(d=0.90),0.0752158,0.10951,0.75045,0.3062,0.238736,0.8,0.560573,0.650308,0.677864,49.3747,0.00666667,0.106667,0.0566667,0.861498,0
7,PDL-Hinf(d=0.85),0.0863125,0.12851,0.822481,0.388397,0.267807,0.8,0.598743,1.98463,1.29097,58.5429,0.00666667,0.18,0.136667,0.829377,0
8,Proposed,0.0174106,0.0230017,0.192188,0.0987072,0.0527676,0.473279,0.533146,0.05268,0.664364,17.9141,0,0.0533333,0,0.97998,0
8,PDL-Hinf(d=0.95),0.0719068,0.0807764,0.771801,0.239643,0.224317,0.40408,0.794357,0.11402,1.22294,43.1207,0,0.113333,0.0666667,0.963694,0
8,PDL-Hinf(d=0.90),0.0869887,0.11914,0.912638,0.278267,0.252568,0.408743,0.777084,0.343294,1.61813,57.8258,0,0.186667,0.116667,0.935339,0
8,PDL-Hinf(d=0.85),0.0978224,0.145811,1.00548,0.296026,0.271435,0.549645,0.786544,0.975142,2.16062,67.713,0,0.243333,0.193333,0.913642,0
9,Proposed,0.0174382,0.0228561,0.190766,0.103369,0.0544445,0.472339,0.542663,0.0506066,0.540858,17.3061,0,0.05,0.00333333,0.97434,0
9,PDL-Hinf(d=0.95),0.0638051,0.0720009,0.681385,0.224553,0.20667,0.40408,0.784318,0.119269,1.06236,37.9846,0,0.106667,0.0633333,0.951934,0
9,PDL-Hinf(d=0.90),0.076804,0.108026,0.790204,0.257393,0.232495,0.453262,0.773021,0.364734,1.48356,49.9921,0,0.17,0.106667,0.908609,0
9,PDL-Hinf(d=0.85),0.085776,0.130403,0.8588,0.28408,0.252212,0.8,0.782017,1.05224,2.03158,57.3243,0.00333333,0.246667,0.173333,0.875175,0
10,Proposed,0.0197104,0.0266216,0.223225,0.0786966,0.0576212,0.454323,0.442982,0.0608512,0.407333,19.6708,0,0.0533333,0,0.922673,0
10,PDL-Hinf(d=0.95),0.05165,0.06491,0.530264,0.200169,0.181823,0.655162,0.669962,0.169671,0.879016,31.6329,0,0.11,0.0366667,0.898636,0
10,PDL-Hinf(d=0.90),0.0657804,0.0888325,0.622006,0.316132,0.216043,0.495862,0.772991,0.440166,1.41917,40.3944,0,0.25,0.156667,0.871907,0
10,PDL-Hinf(d=0.85),0.0917558,0.16948,0.961668,0.430823,0.25104,0.8,0.8,0.909248,3.13343,60.4108,0.00666667,0.656667,0.553333,0.846548,0
11,Proposed,0.01113,0.0134592,0.127267,0.0481256,0.0349512,0.400376,0.453843,0.0592227,0.227989,17.056,0,0.0266667,0,0.958987,0
11,PDL-Hinf(d=0.95),0.0475281,0.0567449,0.492477,0.172789,0.164374,0.686727,0.558415,0.237494,0.372055,29.7936,0,0.0533333,0.0133333,0.911383,0
11,PDL-Hinf(d=0.90),0.0577581,0.0856465,0.566756,0.237469,0.188527,0.734362,0.569093,0.797672,0.614032,37.3958,0,0.0733333,0.05,0.853935,0
11,PDL-Hinf(d=0.85),0.0650942,0.100284,0.616616,0.302354,0.210086,0.8,0.602058,2.66335,1.28501,43.4675,0.0133333,0.13,0.0933333,0.826695,0
12,Proposed,0.0136825,0.0186531,0.15259,0.0770456,0.0426041,0.400376,0.513776,0.0543125,0.417012,15.4333,0,0.0433333,0,0.961505,0
12,PDL-Hinf(d=0.95),0.044997,0.0530312,0.468472,0.166276,0.157548,0.563848,0.705643,0.165681,0.68921,27.8746,0,0.0666667,0.0366667,0.914797,0
12,PDL-Hinf(d=0.90),0.0547083,0.0815155,0.539414,0.213995,0.180227,0.408775,0.691955,0.518219,0.965217,34.8974,0,0.103333,0.0666667,0.854338,0
12,PDL-Hinf(d=0.85),0.0609254,0.0963834,0.584284,0.239346,0.193378,0.8,0.726554,1.66952,1.46068,39.0012,0.00333333,0.17,0.1,0.829168,0
13,Proposed,0.0199103,0.0278811,0.21875,0.115626,0.0623165,0.400376,0.564488,0.0448649,0.518668,16.8042,0,0.0533333,0.0133333,0.961506,0
13,PDL-Hinf(d=0.95),0.0538073,0.0621597,0.568811,0.201332,0.183877,0.40408,0.777225,0.118903,1.24495,32.0078,0,0.123333,0.06,0.916917,0
13,PDL-Hinf(d=0.90),0.0638755,0.0921036,0.632097,0.231712,0.208981,0.479936,0.76594,0.339026,1.85292,40.2023,0,0.223333,0.11,0.862994,0
13,PDL-Hinf(d=0.85),0.0728596,0.10858,0.70102,0.266313,0.230325,0.761212,0.799346,0.829092,2.6383,45.6417,0,0.396667,0.27,0.839901,0
14,Proposed,0.0134831,0.0171424,0.154548,0.051742,0.0405791,0.400376,0.458141,0.0587193,0.235372,18.2924,0,0.0333333,0,0.965649,0
14,PDL-Hinf(d=0.95),0.0577886,0.0678689,0.606902,0.201601,0.192518,0.612243,0.590681,0.226261,0.412965,35.2937,0,0.0533333,0.02,0.933157,0
14,PDL-Hinf(d=0.90),0.0700984,0.102274,0.701691,0.267669,0.221143,0.8,0.615402,0.760902,0.67424,45.7192,0.00333333,0.0766667,0.0533333,0.863868,0
14,PDL-Hinf(d=0.85),0.0786543,0.121539,0.763658,0.32781,0.244636,0.8,0.658775,2.53108,1.3129,53.0561,0.00333333,0.13,0.0766667,0.833343,0
15,Proposed,0.0209108,0.0247085,0.238302,0.0610272,0.0566416,0.400376,0.409804,0.0609161,0.241264,23.2483,0,0.04,0,0.961652,0
15,PDL-Hinf(d=0.95),0.0703245,0.0818659,0.723966,0.32558,0.238802,0.567592,0.577487,0.249536,0.530523,43.7315,0,0.0966667,0.02,0.932034,0
15,PDL-Hinf(d=0.90),0.0972043,0.15835,0.92337,0.564826,0.309023,0.8,0.663128,0.773401,1.15631,68.7623,0.00666667,0.246667,0.213333,0.860947,0
15,PDL-Hinf(d=0.85),25.8553,55.8123,166.689,266.077,117.452,0.8,0.8,0.338461,6.26046,1.6191e+06,0.00666667,0.933333,0.926667,0.82813,1
16,Proposed,0.0148866,0.019616,0.169862,0.0595721,0.0458001,0.400376,0.44869,0.0554614,0.262738,17.3985,0,0.0366667,0,0.93535,0
16,PDL-Hinf(d=0.95),0.0429652,0.0530638,0.442846,0.159784,0.151439,0.46164,0.555676,0.190191,0.519981,27.1983,0,0.0566667,0.03,0.89854,0
16,PDL-Hinf(d=0.90),0.0508362,0.0759146,0.490482,0.213537,0.171016,0.669097,0.572209,0.605413,0.820012,32.3633,0,0.103333,0.05,0.872486,0
16,PDL-Hinf(d=0.85),0.0593266,0.0856427,0.548536,0.292229,0.193656,0.715012,0.600384,1.78716,1.4477,37.6078,0,0.223333,0.163333,0.846444,0
17,Proposed,0.0134761,0.0153125,0.154594,0.0406272,0.0363344,0.400376,0.4153,0.0646357,0.148202,19.5994,0,0.03,0,0.959483,0
17,PDL-Hinf(d=0.95),0.0560062,0.0672289,0.579725,0.21629,0.189558,0.565789,0.464468,0.274287,0.291211,34.9026,0,0.06,0,0.920404,0
17,PDL-Hinf(d=0.90),0.0699041,0.0984413,0.671188,0.367469,0.233532,0.668952,0.484267,0.962556,0.640164,46.487,0,0.113333,0.0833333,0.854123,0
17,PDL-Hinf(d=0.85),0.089052,0.138759,0.842685,0.490681,0.27174,0.8,0.8,2.87239,1.92491,68.5072,0.0333333,0.333333,0.326667,0.824949,0
18,Proposed,0.0130838,0.0151193,0.147624,0.0405936,0.0372285,0.400376,0.412703,0.0640644,0.175776,18.7333,0,0.0433333,0,0.944006,0
18,PDL-Hinf(d=0.95),0.0460406,0.0563244,0.463088,0.2185,0.167332,0.49172,0.46688,0.241486,0.351693,29.4035,0,0.08,0,0.881073,0
18,PDL-Hinf(d=0.90),0.060563,0.0885665,0.554347,0.380602,0.212102,0.8,0.518522,0.783604,0.778459,39.8937,0.00666667,0.183333,0.13,0.852405,0
18,PDL-Hinf(d=0.85),1.33925,1.66407,12.2876,4.39399,3.95089,0.8,0.8,0.534248,6.22757,3476.79,0.0133333,0.926667,0.916667,0.827446,0
19,Proposed,0.0147144,0.0234941,0.16227,0.105287,0.0472253,0.428764,0.540616,0.0514531,0.543795,15.2142,0,0.05,0.00333333,0.965706,0
19,PDL-Hinf(d=0.95),0.0463477,0.0552988,0.480857,0.17691,0.164954,0.40408,0.75357,0.124445,0.827495,28.4525,0,0.09,0.05,0.930769,0
19,PDL-Hinf(d=0.90),0.0564971,0.0849141,0.556928,0.226306,0.187127,0.482783,0.711249,0.378037,1.1149,35.8464,0,0.133333,0.0866667,0.852049,0
19,PDL-Hinf(d=0.85),0.0630941,0.100578,0.604542,0.254456,0.202182,0.74866,0.734304,1.08363,1.58324,39.8862,0,0.22,0.133333,0.807486,0
20,Proposed,0.0166601,0.0234768,0.184674,0.0833494,0.0497238,0.434999,0.523526,0.0535429,0.48635,17.4335,0,0.0433333,0,0.973783,0
20,PDL-Hinf(d=0.95),0.0638482,0.0719815,0.68045,0.219835,0.205436,0.40408,0.764804,0.148683,0.984596,38.0323,0,0.09,0.0466667,0.950809,0
20,PDL-Hinf(d=0.90),0.0768954,0.107579,0.792118,0.258595,0.231294,0.554527,0.748688,0.483151,1.40319,50.1615,0,0.146667,0.0933333,0.903347,0
20,PDL-Hinf(d=0.85),0.0860223,0.130224,0.863006,0.287463,0.247385,0.635403,0.747197,1.42993,1.92475,57.8152,0,0.23,0.153333,0.866605,0
21,Proposed,0.0199721,0.0263305,0.223151,0.0851344,0.0584543,0.430822,0.483257,0.0543838,0.313111,20.5223,0,0.0466667,0,0.970499,0
21,PDL-Hinf(d=0.95),0.0717216,0.0845742,0.760667,0.241127,0.229834,0.40408,0.70237,0.138986,0.72626,43.3434,0,0.0733333,0.0433333,0.947273,0
21,PDL-Hinf(d=0.90),0.0862213,0.123251,0.87506,0.311016,0.266398,0.530996,0.698347,0.428704,1.17301,57.2358,0,0.16,0.07,0.900645,0
21,PDL-Hinf(d=0.85),0.0988158,0.14672,0.963264,0.389494,0.303228,0.8,0.707267,1.21313,1.81953,67.6382,0.00666667,0.273333,0.186667,0.870335,0
22,Proposed,0.0158164,0.0220089,0.17471,0.104166,0.0507029,0.432464,0.548411,0.0496615,0.519806,15.5967,0,0.05,0.00333333,0.965832,0
22,PDL-Hinf(d=0.95),0.0491932,0.0578552,0.515834,0.182479,0.17137,0.40408,0.762827,0.121808,0.898994,29.8381,0,0.0933333,0.05,0.930104,0
22,PDL-Hinf(d=0.90),0.0594256,0.0883546,0.591632,0.231987,0.19369,0.408743,0.738201,0.374491,1.23697,37.7464,0,0.15,0.0933333,0.840955,0
22,PDL-Hinf(d=0.85),0.066139,0.104394,0.638416,0.260644,0.209613,0.738485,0.763748,1.0883,1.73127,42.0043,0,0.22,0.15,0.814341,0
23,Proposed,0.0190277,0.0243277,0.211335,0.0712347,0.0545614,0.401575,0.430732,0.0601846,0.387212,20.52,0,0.0666667,0,0.919157,0
23,PDL-Hinf(d=0.95),0.0536306,0.0749823,0.514845,0.311404,0.199144,0.798449,0.63062,0.197041,0.833034,32.5301,0.00333333,0.146667,0.0733333,0.888838,0
23,PDL-Hinf(d=0.90),0.270439,0.568457,2.57542,1.71307,0.932176,0.8,0.8,0.411007,4.19583,259.909,0.00333333,0.82,0.756667,0.863112,0
23,PDL-Hinf(d=0.85),13.7806,16.6334,102.074,62.2354,53.802,0.73639,0.8,0.245193,7.71247,260593,0,0.966667,0.926667,0.840377,1
24,Proposed,0.0158997,0.0181526,0.175396,0.0886924,0.0481565,0.470966,0.460296,0.0604561,0.346324,20.4897,0,0.0533333,0,0.97608,0
24,PDL-Hinf(d=0.95),0.0731849,0.0864928,0.772146,0.252931,0.237504,0.40408,0.630265,0.13945,0.548113,45.0066,0,0.0766667,0.0433333,0.957748,0
24,PDL-Hinf(d=0.90),0.0897691,0.126964,0.909295,0.343118,0.279931,0.545861,0.615755,0.405874,0.902351,60.6661,0,0.163333,0.07,0.925278,0
24,PDL-Hinf(d=0.85),0.10674,0.153433,1.0637,0.439348,0.317128,0.8,0.697785,0.978541,1.75476,77.052,0.00666667,0.42,0.33,0.899694,0
25,Proposed,0.0136525,0.0163291,0.153289,0.0542969,0.0404722,0.400376,0.433085,0.0631205,0.209676,18.694,0,0.0466667,0,0.955441,0
25,PDL-Hinf(d=0.95),0.0515551,0.0630975,0.531159,0.194582,0.178735,0.8,0.510978,0.211927,0.383114,32.0453,0.00333333,0.0733333,0.0266667,0.903268,0
25,PDL-Hinf(d=0.90),0.0628517,0.0916391,0.606463,0.293195,0.209947,0.770082,0.550241,0.5829,0.66147,40.3628,0,0.133333,0.07,0.850493,0
25,PDL-Hinf(d=0.85),0.075786,0.105398,0.708785,0.389385,0.238731,0.717326,0.699151,1.56463,1.3692,50.6135,0,0.276667,0.21,0.824723,0
26,Proposed,0.0266217,0.0319189,0.31533,0.0726192,0.0635048,0.41285,0.427018,0.0613761,0.356987,26.2095,0,0.0566667,0,0.973496,0
26,PDL-Hinf(d=0.95),0.0888488,0.101929,0.941938,0.316438,0.275381,0.8,0.647532,0.211451,0.823827,55.8488,0.00666667,0.106667,0.03,0.957486,0
26,PDL-Hinf(d=0.90),0.112856,0.14759,1.13288,0.515015,0.343172,0.8,0.730581,0.546223,1.3473,78.8833,0.00333333,0.203333,0.136667,0.929302,0
26,PDL-Hinf(d=0.85),0.172078,0.330074,1.90559,0.743565,0.417359,0.8,0.8,1.01795,4.16968,154.273,0.00666667,0.696667,0.606667,0.911236,0
27,Proposed,0.018063,0.0216676,0.202942,0.078866,0.0532198,0.470042,0.447968,0.0620653,0.259466,21.1032,0,0.0533333,0,0.969949,0
27,PDL-Hinf(d=0.95),0.0701518,0.0839153,0.737592,0.242204,0.229423,0.677928,0.583264,0.162685,0.505571,42.9283,0,0.07,0.0366667,0.946835,0
27,PDL-Hinf(d=0.90),0.0858058,0.121933,0.855129,0.350876,0.271004,0.59955,0.595286,0.437122,0.877299,57.0733,0,0.16,0.0833333,0.902809,0
27,PDL-Hinf(d=0.85),0.10268,0.144112,0.995239,0.455833,0.308352,0.8,0.631142,1.08703,1.68898,71.8908,0.01,0.36,0.283333,0.869915,0
28,Proposed,0.0148996,0.0178781,0.175663,0.0532352,0.0405765,0.400376,0.435778,0.0618309,0.280992,21.1038,0,0.04,0,0.977956,0
28,PDL-Hinf(d=0.95),0.0771878,0.0876105,0.820339,0.252504,0.239843,0.638746,0.546408,0.200096,0.423293,47.7205,0,0.0633333,0.0233333,0.961709,0
28,PDL-Hinf(d=0.90),0.094437,0.129567,0.974793,0.340276,0.281534,0.731014,0.552498,0.593596,0.629609,64.6533,0,0.0866667,0.0533333,0.933302,0
28,PDL-Hinf(d=0.85),0.108405,0.159423,1.08532,0.430207,0.321218,0.8,0.595336,1.88945,1.20109,78.5829,0.00666667,0.15,0.0933333,0.912025,0
29,Proposed,0.0160382,0.023471,0.17535,0.107772,0.0513611,0.487089,0.539947,0.0515386,0.548625,16.4948,0,0.05,0.00666667,0.971687,0
29,PDL-Hinf(d=0.95),0.0572281,0.0674046,0.603872,0.206393,0.1944,0.40408,0.772008,0.115019,0.931611,34.3687,0,0.1,0.0566667,0.94569,0
29,PDL-Hinf(d=0.90),0.0694965,0.102456,0.701306,0.268125,0.221261,0.490053,0.754291,0.350398,1.27342,44.7484,0,0.16,0.1,0.894285,0
29,PDL-Hinf(d=0.85),0.0778195,0.122629,0.762142,0.30277,0.242468,0.8,0.785914,0.993642,1.81076,50.7855,0.00333333,0.226667,0.163333,0.850232,0
30,Proposed,0.0109623,0.012178,0.127068,0.0383695,0.0313257,0.400376,0.428981,0.0633827,0.193768,18.1772,0,0.03,0,0.960399,0
30,PDL-Hinf(d=0.95),0.051187,0.0613442,0.528753,0.194755,0.175795,0.770524,0.490121,0.255148,0.322875,32.0979,0,0.0666667,0.00333333,0.921181,0
30,PDL-Hinf(d=0.90),0.0625781,0.0915036,0.610144,0.28888,0.206767,0.772449,0.504495,0.816645,0.576751,40.9493,0,0.0966667,0.0333333,0.84373,0
30,PDL-Hinf(d=0.85),0.0724599,0.107132,0.67406,0.380545,0.235584,0.8,0.534514,2.56965,1.31287,49.9192,0.00333333,0.196667,0.153333,0.8181,0
31,Proposed,0.0178672,0.0254724,0.193783,0.11937,0.0575973,0.400376,0.565015,0.0467986,0.535316,15.6187,0,0.0533333,0.01,0.962919,0
31,PDL-Hinf(d=0.95),0.0483782,0.0560509,0.50845,0.183646,0.167346,0.40408,0.772454,0.117033,1.05987,29.1772,0,0.116667,0.06,0.921305,0
31,PDL-Hinf(d=0.90),0.0576567,0.0843971,0.570803,0.210424,0.187408,0.415615,0.762153,0.338619,1.50379,36.2981,0,0.183333,0.103333,0.855498,0
31,PDL-Hinf(d=0.85),0.0643368,0.0991648,0.615576,0.236761,0.205995,0.670578,0.789435,0.918766,2.19054,40.3477,0,0.303333,0.19,0.835661,0
32,Proposed,0.0200042,0.0245801,0.223106,0.0913617,0.0574448,0.506043,0.470514,0.0593816,0.29971,22.0645,0,0.0466667,0,0.977216,0
32,PDL-Hinf(d=0.95),0.0815068,0.0953533,0.865815,0.270275,0.255455,0.440107,0.701444,0.13161,0.628757,50.2371,0,0.08,0.0433333,0.960957,0
32,PDL-Hinf(d=0.90),0.0991971,0.137235,1.01456,0.365248,0.301648,0.577701,0.699391,0.389164,1.0716,67.9226,0,0.173333,0.0933333,0.932844,0
32,PDL-Hinf(d=0.85),0.115889,0.166148,1.13937,0.462944,0.343516,0.8,0.7416,0.97394,1.84117,83.6494,0.00666667,0.36,0.256667,0.912305,0
33,Proposed,0.020499,0.0254548,0.225796,0.0777835,0.0584864,0.447377,0.423315,0.0604534,0.381427,22.2623,0,0.08,0,0.954961,0
33,PDL-Hinf(d=0.95),0.0669623,0.0930236,0.647721,0.374259,0.242354,0.8,0.67324,0.185038,0.950989,40.6886,0.00333333,0.193333,0.0966667,0.916706,0
33,PDL-Hinf(d=0.90),7.47301,8.06231,58.7791,25.5548,24.3381,0.618492,0.8,0.190367,6.71525,73772.1,0,0.94,0.9,0.837146,0
33,PDL-Hinf(d=0.85),18.3722,29.6481,149.062,98.365,65.255,0.602303,0.8,0.162111,8.06528,539503,0,0.996667,0.973333,0.807688,1
34,Proposed,0.013545,0.0157776,0.155346,0.0424258,0.0378437,0.400376,0.424657,0.060998,0.175529,19.19,0,0.04,0,0.958907,0
34,PDL-Hinf(d=0.95),0.0548287,0.0661366,0.568037,0.207311,0.186631,0.699014,0.489617,0.231963,0.323569,34.0389,0,0.0733333,0.00666667,0.917123,0
34,PDL-Hinf(d=0.90),0.0671975,0.096979,0.651904,0.320716,0.222232,0.783468,0.505951,0.742421,0.615367,43.9267,0,0.116667,0.07,0.853734,0
34,PDL-Hinf(d=0.85),0.0800177,0.112766,0.748613,0.435852,0.256554,0.8,0.726344,2.2699,1.37878,55.232,0.0133333,0.216667,0.19,0.825351,0
35,Proposed,0.0132713,0.0150831,0.15473,0.0499281,0.0376599,0.400376,0.428103,0.0626145,0.224937,19.6456,0,0.0433333,0,0.968158,0
35,PDL-Hinf(d=0.95),0.0621094,0.073265,0.649108,0.225755,0.206675,0.680732,0.503511,0.209027,0.355056,38.3109,0,0.0733333,0.0166667,0.941744,0
35,PDL-Hinf(d=0.90),0.0757676,0.10924,0.755028,0.320773,0.241667,0.8,0.507091,0.643806,0.59405,50.1413,0.00666667,0.106667,0.05,0.885922,0
35,PDL-Hinf(d=0.85),0.0880073,0.130052,0.838224,0.416643,0.275243,0.8,0.643941,1.88232,1.25649,61.3891,0.00333333,0.226667,0.17,0.832608,0
36,Proposed,0.0156644,0.021785,0.173957,0.0777973,0.0498981,0.400376,0.481059,0.0531642,0.33712,16.1768,0,0.0433333,0,0.937644,0
36,PDL-Hinf(d=0.95),0.0396728,0.0486048,0.409607,0.14984,0.141671,0.40408,0.625583,0.154859,0.665674,25.2373,0,0.0666667,0.0366667,0.896042,0
36,PDL-Hinf(d=0.90),0.0470537,0.0697721,0.451672,0.19266,0.161487,0.619169,0.637198,0.48728,1.00819,29.8088,0,0.13,0.06,0.873152,0
36,PDL-Hinf(d=0.85),0.0536814,0.0788991,0.497483,0.247242,0.178264,0.661846,0.660102,1.374,1.55546,33.3218,0,0.25,0.173333,0.849974,0
37,Proposed,0.0226808,0.0269055,0.25998,0.0638069,0.058701,0.400376,0.416895,0.0597856,0.301012,23.6449,0,0.0433333,0,0.961263,0
37,PDL-Hinf(d=0.95),0.0727599,0.0849136,0.755045,0.313019,0.242443,0.727602,0.629344,0.242448,0.669479,45.015,0,0.106667,0.01,0.93144,0
37,PDL-Hinf(d=0.90),0.0943999,0.135213,0.911903,0.486016,0.298009,0.8,0.671469,0.708492,1.17406,63.7906,0.00666667,0.216667,0.16,0.869023,0
37,PDL-Hinf(d=0.85),0.928979,1.3268,7.42017,5.80832,3.99798,0.8,0.8,0.76083,5.80328,1770.52,0.00666667,0.803333,0.78,0.835355,0
38,Proposed,0.0129065,0.0142266,0.146183,0.0688973,0.0403869,0.429194,0.455803,0.0634594,0.31876,18.4792,0,0.05,0,0.969935,0
38,PDL-Hinf(d=0.95),0.0601128,0.0711275,0.629775,0.212691,0.201271,0.644325,0.571108,0.177688,0.451607,36.7817,0,0.07,0.03,0.944248,0
38,PDL-Hinf(d=0.90),0.0735245,0.107028,0.736131,0.2857,0.233146,0.541572,0.56316,0.491957,0.671195,48.1215,0,0.09,0.0533333,0.892482,0
38,PDL-Hinf(d=0.85),0.0847576,0.128053,0.813977,0.37845,0.265386,0.774307,0.610497,1.45577,1.26096,57.5122,0,0.213333,0.156667,0.846448,0
39,Proposed,0.0159233,0.0194482,0.174824,0.0667679,0.0459098,0.400376,0.413853,0.059242,0.323614,19.412,0,0.0766667,0,0.934328,0
39,PDL-Hinf(d=0.95),0.047991,0.067939,0.45184,0.294436,0.18568,0.642528,0.606258,0.186942,0.748649,29.8764,0,0.163333,0.08,0.873537,0
39,PDL-Hinf(d=0.90),0.0731401,0.154541,0.728434,0.393819,0.194511,0.8,0.621007,0.443949,1.48231,50.0729,0.00666667,0.416667,0.34,0.860448,0
39,PDL-Hinf(d=0.85),6.2546,9.93236,60.9832,27.7368,15.4706,0.649043,0.8,0.226758,7.87991,58777.3,0,0.993333,0.946667,0.843387,0
40,Proposed,0.0188207,0.023373,0.220424,0.0488536,0.0477133,0.400376,0.436482,0.0578348,0.193024,21.8805,0,0.03,0,0.971825,0
40,PDL-Hinf(d=0.95),0.0750864,0.0866935,0.797059,0.246402,0.23594,0.61412,0.565794,0.227316,0.407756,46.0778,0,0.0533333,0.02,0.951335,0
40,PDL-Hinf(d=0.90),0.0904089,0.126957,0.926051,0.327994,0.271954,0.8,0.596649,0.765909,0.713426,61.2459,0.00333333,0.0766667,0.0566667,0.912175,0
40,PDL-Hinf(d=0.85),0.103119,0.15256,1.01572,0.427919,0.310935,0.8,0.64247,2.519,1.41358,73.7282,0.00333333,0.17,0.113333,0.886598,0
41,Proposed,0.0179355,0.0204877,0.207792,0.0488629,0.0469835,0.400376,0.411398,0.0603404,0.187889,22.6854,0,0.0433333,0,0.970793,0
41,PDL-Hinf(d=0.95),0.073927,0.0853702,0.774103,0.295908,0.242111,0.622102,0.46362,0.22549,0.37029,46.1237,0,0.0866667,0.00333333,0.949774,0
41,PDL-Hinf(d=0.90),0.0927737,0.124633,0.908721,0.466943,0.298078,0.8,0.47902,0.68935,0.732451,64.0129,0.00333333,0.166667,0.103333,0.910117,0
41,PDL-Hinf(d=0.85),1.29586,1.74382,10.6037,5.1381,4.8996,0.8,0.8,0.706633,5.62787,3722.77,0.01,0.863333,0.83,0.880683,0
42,Proposed,0.0210684,0.0296653,0.2401,0.0866097,0.0631106,0.436209,0.478176,0.0554615,0.49411,18.7048,0,0.0433333,0,0.930892,0
42,PDL-Hinf(d=0.95),0.0503782,0.0631645,0.525927,0.184661,0.173984,0.496168,0.700399,0.15384,1.14408,30.6625,0,0.09,0.04,0.90929,0
42,PDL-Hinf(d=0.90),0.0620092,0.0874285,0.59665,0.25834,0.203481,0.55494,0.751531,0.419447,1.71644,37.8966,0,0.256667,0.126667,0.883706,0
42,PDL-Hinf(d=0.85),0.076194,0.113463,0.733826,0.340548,0.235579,0.796331,0.789772,0.95838,2.70923,46.4289,0.00333333,0.486667,0.356667,0.857322,0
43,Proposed,0.0210844,0.0305442,0.220406,0.124824,0.0661314,0.41126,0.45974,0.0614042,0.483641,21.5467,0,0.0966667,0,0.92697,0
43,PDL-Hinf(d=0.95),0.0767017,0.167934,0.751319,0.481643,0.239088,0.681762,0.723212,0.210924,1.5897,47.7051,0,0.393333,0.296667,0.877353,0
43,PDL-Hinf(d=0.90),378.267,596.912,2212.21,3037.78,1920.45,0.8,0.8,0.144254,7.57517,2.69497e+08,0.00333333,0.953333,0.92,0.863225,1
43,PDL-Hinf(d=0.85),2307.13,5576.02,13279.3,28455.7,11770,0.665416,0.8,0.129875,8.4327,1.39242e+10,0,0.99,0.973333,0.844923,1
44,Proposed,0.0154313,0.0204092,0.177404,0.0490497,0.0435557,0.400376,0.462168,0.0591362,0.229959,19.251,0,0.03,0,0.968867,0
44,PDL-Hinf(d=0.95),0.0645227,0.074596,0.682705,0.217466,0.208616,0.664393,0.622388,0.271165,0.480306,39.1842,0,0.0566667,0.0166667,0.941897,0
44,PDL-Hinf(d=0.90),0.0780648,0.111825,0.792067,0.285102,0.240512,0.538535,0.66333,0.914286,0.803484,51.6506,0,0.0766667,0.0533333,0.875737,0
44,PDL-Hinf(d=0.85),0.0876205,0.134337,0.863199,0.337146,0.264953,0.8,0.717577,3.27339,1.60029,60.9838,0.0166667,0.13,0.1,0.844791,0
45,Proposed,0.0193262,0.0242281,0.219651,0.0562318,0.0523547,0.400376,0.425266,0.0607796,0.324339,20.5887,0,0.05,0,0.940405,0
45,PDL-Hinf(d=0.95),0.0562803,0.0685387,0.577276,0.240956,0.196681,0.716155,0.622948,0.206059,0.690283,34.5224,0,0.103333,0.0233333,0.901865,0
45,PDL-Hinf(d=0.90),0.0699952,0.0961178,0.667417,0.349713,0.230164,0.8,0.691978,0.604332,1.10512,44.1184,0.00666667,0.186667,0.113333,0.871067,0
45,PDL-Hinf(d=0.85),0.0959351,0.174174,0.963574,0.465723,0.26327,0.8,0.8,1.26301,2.64993,67.2717,0.00666667,0.51,0.44,0.841093,0
46,Proposed,0.0134101,0.0157598,0.148544,0.0615944,0.041302,0.400376,0.426775,0.0587323,0.233057,18.2156,0,0.0566667,0,0.943378,0
46,PDL-Hinf(d=0.95),0.0445909,0.0547468,0.444999,0.211376,0.166797,0.8,0.483123,0.19496,0.470227,28.2985,0.00333333,0.103333,0.0266667,0.87021,0
46,PDL-Hinf(d=0.90),0.0562109,0.0769853,0.521252,0.304889,0.1943,0.8,0.647513,0.534924,0.859465,35.7397,0.00666667,0.196667,0.12,0.853222,0
46,PDL-Hinf(d=0.85),0.0994143,0.230688,1.20165,0.427169,0.23653,0.8,0.779329,0.636854,3.0006,83.2967,0.0266667,0.926667,0.9,0.832144,0
47,Proposed,0.0154844,0.0192351,0.170248,0.0804035,0.0494346,0.403014,0.441515,0.0602273,0.292318,18.1572,0,0.06,0,0.941324,0
47,PDL-Hinf(d=0.95),0.0452064,0.0568864,0.457032,0.184265,0.166088,0.68623,0.543101,0.166676,0.620597,28.2696,0,0.1,0.0366667,0.878193,0
47,PDL-Hinf(d=0.90),0.0579584,0.0785087,0.540161,0.292032,0.19771,0.758743,0.737274,0.442752,1.14244,35.9981,0,0.243333,0.136667,0.864093,0
47,PDL-Hinf(d=0.85),0.474322,0.596819,4.86933,1.62703,1.2511,0.793784,0.8,0.429458,7.05362,507.297,0.00333333,0.996667,0.936667,0.845966,0
48,Proposed,0.0145109,0.0159255,0.165364,0.0704026,0.0430922,0.446135,0.441267,0.0625723,0.293709,19.9597,0,0.0533333,0,0.972579,0
48,PDL-Hinf(d=0.95),0.067399,0.0796313,0.708119,0.234276,0.221148,0.790331,0.542833,0.179547,0.438192,41.3478,0,0.0733333,0.0333333,0.950919,0
48,PDL-Hinf(d=0.90),0.0824929,0.118085,0.830435,0.328198,0.259447,0.8,0.542049,0.488139,0.703548,54.9835,0.00333333,0.123333,0.06,0.910642,0
48,PDL-Hinf(d=0.85),0.0972432,0.141863,0.949542,0.432408,0.296744,0.8,0.736468,1.2568,1.3905,68.7112,0.00333333,0.303333,0.21,0.878261,0
49,Proposed,0.0259215,0.031631,0.298805,0.0723715,0.0651761,0.400376,0.426468,0.0589868,0.408616,25.3617,0,0.0666667,0,0.967641,0
49,PDL-Hinf(d=0.95),0.084231,0.10116,0.866208,0.377216,0.277164,0.8,0.704533,0.20168,0.958043,52.217,0.00333333,0.143333,0.0766667,0.94675,0
49,PDL-Hinf(d=0.90),0.112057,0.174441,1.0997,0.566012,0.340092,0.692093,0.777607,0.490983,1.66864,77.9589,0,0.313333,0.24,0.907007,0
49,PDL-Hinf(d=0.85),7.26752,11.1761,53.7328,43.0989,28.7108,0.8,0.8,0.266978,7.12404,84392.6,0.00333333,0.96,0.93,0.882485,1
50,Proposed,0.0175777,0.022125,0.197788,0.0705513,0.0513577,0.466899,0.440065,0.0612605,0.273257,20.2738,0,0.05,0,0.958056,0
50,PDL-Hinf(d=0.95),0.059424,0.0734089,0.617922,0.213348,0.201778,0.626299,0.540689,0.172762,0.56514,36.4174,0,0.0833333,0.03,0.917303,0
50,PDL-Hinf(d=0.90),0.0734327,0.104738,0.711401,0.330887,0.239337,0.497462,0.639591,0.469091,0.961067,47.2086,0,0.173333,0.0933333,0.850872,0
50,PDL-Hinf(d=0.85),0.0954385,0.153737,0.940677,0.463622,0.279139,0.8,0.748534,1.08065,2.13362,65.8662,0.00666667,0.473333,0.403333,0.821141,0
51,Proposed,0.0192614,0.0255286,0.209729,0.10135,0.0593895,0.490736,0.515667,0.0537307,0.381792,19.5038,0,0.0533333,0.00333333,0.973494,0
51,PDL-Hinf(d=0.95),0.071227,0.0836733,0.75565,0.241798,0.230698,0.40408,0.762294,0.120183,0.853363,42.8778,0,0.0966667,0.0533333,0.952318,0
51,PDL-Hinf(d=0.90),0.0857162,0.122408,0.872342,0.316509,0.267785,0.628743,0.748086,0.370209,1.33477,56.8326,0,0.176667,0.0933333,0.913289,0
51,PDL-Hinf(d=0.85),0.0973315,0.146862,0.951209,0.379023,0.301179,0.624542,0.779492,0.976236,2.02356,66.5861,0,0.3,0.19,0.885079,0
52,Proposed,0.0144554,0.019473,0.160593,0.083308,0.0457607,0.42196,0.51117,0.0547334,0.378985,15.4487,0,0.0466667,0,0.955216,0
52,PDL-Hinf(d=0.95),0.0417685,0.0500018,0.433853,0.157161,0.148172,0.40408,0.692354,0.149594,0.651772,26.2276,0,0.0666667,0.04,0.8854,0
52,PDL-Hinf(d=0.90),0.0503024,0.0753544,0.491256,0.200674,0.169124,0.638107,0.682034,0.492519,0.948336,32.0136,0,0.106667,0.0666667,0.85979,0
52,PDL-Hinf(d=0.85),0.0557685,0.0875807,0.528331,0.227269,0.18223,0.8,0.709605,1.49896,1.42937,35.2973,0.00333333,0.19,0.116667,0.836239,0
53,Proposed,0.0127775,0.016402,0.141189,0.0747221,0.0417898,0.400376,0.485018,0.0557183,0.295853,15.6587,0,0.0433333,0,0.949232,0
53,PDL-Hinf(d=0.95),0.0384657,0.0466562,0.394701,0.147447,0.138932,0.611482,0.613202,0.172274,0.486942,24.8738,0,0.06,0.0333333,0.878997,0
53,PDL-Hinf(d=0.90),0.0462947,0.0691481,0.445451,0.191389,0.158965,0.596915,0.613304,0.527409,0.739914,29.7604,0,0.09,0.0566667,0.856176,0
53,PDL-Hinf(d=0.85),0.0521403,0.079465,0.484001,0.239474,0.173016,0.8,0.63544,1.60756,1.27162,33.3868,0.00666667,0.173333,0.123333,0.835508,0
54,Proposed,0.0164705,0.0207517,0.190447,0.0498986,0.0449161,0.400376,0.447857,0.0580634,0.204938,20.3578,0,0.03,0,0.971126,0
54,PDL-Hinf(d=0.95),0.0697228,0.0804537,0.73896,0.231709,0.222096,0.609089,0.590868,0.234917,0.408958,42.4915,0,0.0533333,0.02,0.948374,0
54,PDL-Hinf(d=0.90),0.0843155,0.119483,0.860069,0.306636,0.256566,0.764984,0.625301,0.814173,0.702401,56.4019,0,0.0733333,0.05,0.901216,0
54,PDL-Hinf(d=0.85),0.0950747,0.143955,0.940959,0.376074,0.286638,0.8,0.674265,2.73078,1.39848,66.8396,0.00333333,0.14,0.0833333,0.867954,0
55,Proposed,0.0124291,0.0147842,0.142859,0.0483845,0.0375923,0.400376,0.438751,0.0591171,0.194487,18.1673,0,0.03,0,0.959486,0
55,PDL-Hinf(d=0.95),0.0520492,0.0624564,0.540833,0.187214,0.177686,0.8,0.532565,0.238959,0.342011,32.3114,0.00333333,0.06,0.0133333,0.915716,0
55,PDL-Hinf(d=0.90),0.0628625,0.0929642,0.619042,0.257917,0.203107,0.716934,0.545217,0.740004,0.571829,40.6973,0,0.0833333,0.0433333,0.855951,0
55,PDL-Hinf(d=0.85),0.0719794,0.108513,0.67712,0.347589,0.231674,0.8,0.579663,2.41232,1.24769,48.1651,0.00333333,0.16,0.12,0.827429,0
56,Proposed,0.0179514,0.0252862,0.197946,0.09505,0.0542733,0.422101,0.540796,0.051033,0.597687,17.7812,0,0.05,0,0.977598,0
56,PDL-Hinf(d=0.95),0.0687876,0.0743333,0.740266,0.234499,0.212946,0.40408,0.79372,0.124551,1.22883,40.8154,0,0.113333,0.0733333,0.95905,0
56,PDL-Hinf(d=0.90),0.0825101,0.109904,0.862824,0.266862,0.239035,0.408743,0.77979,0.402607,1.72311,54.1335,0,0.193333,0.12,0.925482,0
56,PDL-Hinf(d=0.85),0.0923807,0.134335,0.942382,0.288549,0.258419,0.673058,0.778807,1.14231,2.32477,62.9403,0,0.303333,0.2,0.901258,0
57,Proposed,0.00977961,0.0108756,0.108193,0.0567957,0.0321842,0.400376,0.443273,0.0634284,0.239769,16.6672,0,0.05,0,0.951076,0
57,PDL-Hinf(d=0.95),0.0401114,0.0490354,0.403903,0.170039,0.148257,0.79245,0.502979,0.204602,0.376084,26.2137,0.00333333,0.08,0.0233333,0.890454,0
57,PDL-Hinf(d=0.90),0.0491751,0.0719621,0.464243,0.250116,0.172776,0.8,0.494991,0.607004,0.63978,32.0084,0.00333333,0.12,0.0533333,0.83915,0
57,PDL-Hinf(d=0.85),0.0651327,0.105651,0.64635,0.33226,0.19551,0.8,0.681087,1.38371,1.77428,47.2206,0.01,0.466667,0.396667,0.818268,0
58,Proposed,0.0130616,0.015554,0.150668,0.0443347,0.0381407,0.400376,0.436496,0.0595369,0.179124,18.6217,0,0.0266667,0,0.959512,0
58,PDL-Hinf(d=0.95),0.0538239,0.0644008,0.560825,0.193104,0.182128,0.679637,0.530751,0.245818,0.334011,33.3365,0,0.06,0.01,0.91561,0
58,PDL-Hinf(d=0.90),0.0648529,0.0957437,0.641055,0.26168,0.207481,0.8,0.550242,0.815698,0.588032,42.153,0.00333333,0.0766667,0.0433333,0.860777,0
58,PDL-Hinf(d=0.85),0.0736533,0.111801,0.697971,0.344376,0.234315,0.777961,0.584122,2.66676,1.27366,49.6088,0,0.156667,0.116667,0.831341,0
59,Proposed,0.0171694,0.0216021,0.200435,0.054522,0.0463164,0.400376,0.448525,0.0592906,0.222224,21.2723,0,0.0333333,0,0.975627,0
59,PDL-Hinf(d=0.95),0.0767339,0.0872824,0.816448,0.248731,0.237941,0.709109,0.596168,0.228441,0.421296,47.0535,0,0.0566667,0.0266667,0.957818,0
59,PDL-Hinf(d=0.90),0.0930268,0.128406,0.959746,0.32885,0.277016,0.537239,0.627746,0.67402,0.679676,63.2027,0,0.08,0.0533333,0.925922,0
59,PDL-Hinf(d=0.85),0.10547,0.156655,1.05796,0.399219,0.31045,0.793501,0.68094,2.27773,1.31578,75.6801,0.00333333,0.146667,0.0833333,0.903864,0
60,Proposed,0.0203975,0.0295516,0.224299,0.112011,0.061063,0.400376,0.585172,0.0448936,0.664666,16.8672,0,0.0533333,0.00666667,0.973338,0
60,PDL-Hinf(d=0.95),0.0617409,0.0656104,0.669221,0.23373,0.193141,0.40408,0.8,0.115927,1.51449,36.0927,0,0.146667,0.08,0.948913,0
60,PDL-Hinf(d=0.90),0.0732849,0.0976477,0.758632,0.243506,0.217488,0.50244,0.781396,0.336973,2.19678,47.0397,0,0.316667,0.146667,0.897007,0
60,PDL-Hinf(d=0.85),0.0813449,0.119591,0.814965,0.258427,0.231816,0.775491,0.781249,0.819467,2.89481,53.9588,0,0.59,0.306667,0.859036,0
61,Proposed,0.0207246,0.0244973,0.243882,0.0551379,0.05013,0.400376,0.420449,0.0623626,0.184287,23.2556,0,0.0233333,0,0.970008,0
61,PDL-Hinf(d=0.95),0.0767136,0.088844,0.812922,0.258709,0.240709,0.791626,0.5086,0.282843,0.425375,47.5838,0,0.0566667,0,0.949104,0
61,PDL-Hinf(d=0.90),0.0926066,0.129002,0.940984,0.374604,0.283788,0.508795,0.581139,0.938855,0.768151,63.482,0,0.106667,0.04,0.90828,0
61,PDL-Hinf(d=0.85),0.109678,0.153706,1.05689,0.530674,0.338093,0.8,0.658906,3.16215,1.67695,80.6863,0.0166667,0.23,0.186667,0.882469,0
62,Proposed,0.0141213,0.0171377,0.158826,0.0580365,0.0427248,0.400376,0.434445,0.0605937,0.224721,18.4175,0,0.0466667,0,0.949276,0
62,PDL-Hinf(d=0.95),0.0482676,0.0598635,0.495773,0.18058,0.16925,0.689595,0.512667,0.193128,0.424423,30.1764,0,0.0733333,0.0266667,0.88414,0
62,PDL-Hinf(d=0.90),0.0589506,0.0856665,0.563851,0.283103,0.200402,0.733619,0.541574,0.556043,0.728167,37.4523,0,0.136667,0.08,0.855459,0
62,PDL-Hinf(d=0.85),0.07248,0.106627,0.676278,0.38531,0.229687,0.8,0.692735,1.47196,1.50142,47.6088,0.01,0.31,0.23,0.831362,0
63,Proposed,0.0118793,0.0150489,0.130974,0.0713291,0.0380782,0.400376,0.492914,0.057572,0.328572,15.3542,0,0.0433333,0,0.954431,0
63,PDL-Hinf(d=0.95),0.0389984,0.0469745,0.400234,0.149139,0.140837,0.443158,0.622606,0.170354,0.487295,25.1549,0,0.06,0.0333333,0.888278,0
63,PDL-Hinf(d=0.90),0.0474593,0.0708955,0.458772,0.196804,0.162115,0.561758,0.609347,0.529759,0.716292,30.5624,0,0.0866667,0.0566667,0.847825,0
63,PDL-Hinf(d=0.85),0.0530929,0.0823711,0.497583,0.242339,0.175516,0.8,0.633718,1.68734,1.24112,34.2313,0.00333333,0.156667,0.0866667,0.826465,0
64,Proposed,0.0162198,0.0210125,0.179281,0.0777834,0.051056,0.400376,0.449434,0.0592973,0.299486,18.1617,0,0.05,0,0.94399,0
64,PDL-Hinf(d=0.95),0.0467775,0.0591857,0.480895,0.17832,0.166068,0.632335,0.557818,0.162821,0.625867,29.1021,0,0.07,0.04,0.880321,0
64,PDL-Hinf(d=0.90),0.0578226,0.0826223,0.547628,0.264352,0.196195,0.721788,0.630932,0.437878,1.05048,35.9968,0,0.186667,0.1,0.863693,0
64,PDL-Hinf(d=0.85),0.0721726,0.112444,0.70062,0.345683,0.220768,0.8,0.729069,1.01223,2.03029,45.7894,0.00666667,0.466667,0.353333,0.842786,0
65,Proposed,0.0181222,0.0242937,0.202413,0.0808683,0.0555025,0.400376,0.440698,0.0592933,0.368194,18.9883,0,0.06,0,0.930053,0
65,PDL-Hinf(d=0.95),0.0472667,0.0598575,0.479635,0.189355,0.170804,0.712972,0.640761,0.168177,0.799654,29.2949,0,0.11,0.0366667,0.887716,0
65,PDL-Hinf(d=0.90),0.0612353,0.0857703,0.574555,0.303077,0.203828,0.62366,0.795753,0.433642,1.38867,37.628,0,0.273333,0.17,0.869714,0
65,PDL-Hinf(d=0.85),0.401594,0.443708,4.02963,1.10879,1.05378,0.8,0.8,0.408088,6.33899,361.94,0.00666667,0.99,0.933333,0.849866,0
66,Proposed,0.0128548,0.0152513,0.151101,0.0499466,0.0365355,0.400376,0.447479,0.0602105,0.316361,19.1175,0,0.03,0,0.974194,0
66,PDL-Hinf(d=0.95),0.0664269,0.0762433,0.702378,0.225031,0.214183,0.451357,0.557991,0.210454,0.478512,40.693,0,0.0533333,0.02,0.953385,0
66,PDL-Hinf(d=0.90),0.08158,0.115339,0.831367,0.303404,0.250286,0.470335,0.566331,0.674906,0.692543,54.4921,0,0.0766667,0.0466667,0.914257,0
66,PDL-Hinf(d=0.85),0.0929398,0.140905,0.919486,0.368569,0.280324,0.8,0.609392,2.28713,1.29738,65.0398,0.00333333,0.126667,0.0766667,0.883068,0
67,Proposed,0.0169187,0.0215715,0.187837,0.0757418,0.0512975,0.440563,0.473892,0.0580225,0.279945,18.987,0,0.0433333,0,0.965695,0
67,PDL-Hinf(d=0.95),0.0618034,0.0735285,0.651346,0.215666,0.204965,0.519292,0.661308,0.164054,0.561613,37.3511,0,0.0666667,0.0333333,0.934187,0
67,PDL-Hinf(d=0.90),0.0743269,0.108788,0.745508,0.276684,0.235059,0.612186,0.672034,0.476039,0.899895,48.2712,0,0.11,0.0633333,0.859708,0
67,PDL-Hinf(d=0.85),0.084314,0.128334,0.81254,0.345089,0.261016,0.654574,0.703189,1.42225,1.45417,55.8171,0,0.22,0.143333,0.828001,0
68,Proposed,0.0271558,0.0358566,0.316747,0.0894716,0.0712342,0.476976,0.488191,0.0568131,0.492488,23.7683,0,0.0466667,0,0.970272,0
68,PDL-Hinf(d=0.95),0.0830329,0.0971481,0.883189,0.266982,0.258503,0.4995,0.699852,0.143229,1.3257,50.7685,0,0.113333,0.0433333,0.950539,0
68,PDL-Hinf(d=0.90),0.102896,0.140523,1.04092,0.387071,0.311332,0.678082,0.767952,0.401792,2.12717,69.9328,0,0.293333,0.146667,0.914313,0
68,PDL-Hinf(d=0.85),0.16916,0.333613,1.85165,0.660635,0.416515,0.8,0.78978,0.463738,4.23879,129.329,0.00666667,0.89,0.81,0.894508,0
69,Proposed,0.0149489,0.0203497,0.167345,0.072593,0.0469745,0.400376,0.489804,0.0550605,0.318283,16.971,0,0.04,0,0.959477,0
69,PDL-Hinf(d=0.95),0.0507455,0.060651,0.531038,0.183124,0.173794,0.5801,0.677671,0.176552,0.601143,30.9802,0,0.0666667,0.0333333,0.896771,0
69,PDL-Hinf(d=0.90),0.0610327,0.0907624,0.603248,0.23403,0.19836,0.528514,0.67895,0.525021,0.908829,38.919,0,0.1,0.0633333,0.866942,0
69,PDL-Hinf(d=0.85),0.0681768,0.106111,0.651814,0.280675,0.217141,0.664611,0.713684,1.6549,1.4436,43.8155,0,0.196667,0.12,0.837935,0
70,Proposed,0.0163828,0.0213882,0.179015,0.0897188,0.0529347,0.493626,0.49742,0.0555656,0.332485,17.1226,0,0.0466667,0,0.956996,0
70,PDL-Hinf(d=0.95),0.0502739,0.0611656,0.524759,0.185034,0.173977,0.422653,0.688225,0.137989,0.667591,30.6203,0,0.0733333,0.0433333,0.888951,0
70,PDL-Hinf(d=0.90),0.0602254,0.0899648,0.59061,0.235515,0.198982,0.664616,0.682578,0.431781,1.03745,38.0488,0,0.14,0.0733333,0.860397,0
70,PDL-Hinf(d=0.85),0.0680169,0.103976,0.643628,0.278407,0.221011,0.8,0.705582,1.20905,1.59398,42.8253,0.00333333,0.243333,0.166667,0.835705,0
71,Proposed,0.013325,0.018168,0.150635,0.0654583,0.042323,0.403142,0.481861,0.0562626,0.289733,16.1633,0,0.0366667,0,0.953188,0
71,PDL-Hinf(d=0.95),0.0434148,0.0520692,0.449601,0.16072,0.152502,0.422924,0.626012,0.187479,0.514888,27.254,0,0.06,0.0333333,0.893522,0
71,PDL-Hinf(d=0.90),0.0522515,0.0779781,0.50954,0.206885,0.17392,0.572058,0.643345,0.634541,0.792989,33.4116,0,0.0866667,0.0566667,0.866349,0
71,PDL-Hinf(d=0.85),0.058147,0.0904186,0.549786,0.253107,0.189344,0.8,0.6838,2.05676,1.36791,37.5474,0.00333333,0.166667,0.09,0.839766,0
72,Proposed,0.025532,0.0291049,0.299844,0.0693768,0.0628855,0.400376,0.414297,0.0587739,0.292971,26.2689,0,0.0466667,0,0.972167,0
72,PDL-Hinf(d=0.95),0.0879178,0.103738,0.915543,0.39087,0.283419,0.497058,0.609901,0.229364,0.66808,55.598,0,0.12,0.04,0.955112,0
72,PDL-Hinf(d=0.90),0.134645,0.255138,1.34272,0.758247,0.392321,0.765048,0.753695,0.667348,1.64224,106.269,0,0.373333,0.326667,0.924447,0
72,PDL-Hinf(d=0.85),252.814,613.044,1484.39,3109.67,1277.75,0.697908,0.8,0.263952,7.50551,1.85045e+08,0,0.94,0.926667,0.904344,1
73,Proposed,0.0170241,0.0230621,0.188595,0.086082,0.0527101,0.456203,0.51025,0.0540139,0.381979,17.9844,0,0.0466667,0,0.969998,0
73,PDL-Hinf(d=0.95),0.0626609,0.0728359,0.663846,0.214434,0.205518,0.40408,0.742926,0.140233,0.779154,37.5026,0,0.08,0.0433333,0.942959,0
73,PDL-Hinf(d=0.90),0.0754829,0.109068,0.765529,0.280426,0.236088,0.53317,0.721151,0.447764,1.16875,49.0967,0,0.136667,0.08,0.867132,0
73,PDL-Hinf(d=0.85),0.0843903,0.130244,0.828984,0.326407,0.258867,0.622866,0.724444,1.31792,1.69168,56.1798,0,0.21,0.136667,0.828981,0
74,Proposed,0.0150876,0.0184261,0.160097,0.0951061,0.0517043,0.545962,0.447941,0.0619768,0.31366,17.9656,0,0.06,0,0.944436,0
74,PDL-Hinf(d=0.95),0.0436097,0.0555301,0.433674,0.179125,0.164709,0.521839,0.630815,0.156001,0.740813,27.3757,0,0.12,0.04,0.885647,0
74,PDL-Hinf(d=0.90),0.066165,0.114609,0.686718,0.305491,0.201477,0.793921,0.773297,0.429374,2.05492,42.5167,0.00333333,0.566667,0.386667,0.880761,0
74,PDL-Hinf(d=0.85),0.840715,0.90876,9.58928,1.79575,1.74272,0.726284,0.8,0.322944,8.27002,1363.48,0,0.996667,0.98,0.870913,0
75,Proposed,0.0249264,0.0290177,0.287691,0.0700197,0.06362,0.400376,0.418537,0.0585176,0.319193,25.389,0,0.0466667,0,0.967225,0
75,PDL-Hinf(d=0.95),0.082164,0.0983332,0.848604,0.376724,0.270839,0.525392,0.636141,0.233882,0.721469,51.4002,0,0.123333,0.0433333,0.945985,0
75,PDL-Hinf(d=0.90),0.135614,0.280242,1.37997,0.73298,0.374214,0.8,0.782055,0.64689,1.88839,109.019,0.01,0.446667,0.393333,0.904192,0
75,PDL-Hinf(d=0.85),249.762,548.135,1451.73,2808.63,1275.27,0.790855,0.8,0.269003,7.65999,1.54877e+08,0,0.94,0.926667,0.878495,1
76,Proposed,0.0174392,0.0224812,0.192799,0.0760536,0.0528179,0.43661,0.468684,0.0582341,0.273556,19.5875,0,0.0433333,0,0.967634,0
76,PDL-Hinf(d=0.95),0.0651993,0.0774935,0.687504,0.224767,0.213678,0.575932,0.651987,0.165757,0.549841,39.4632,0,0.0666667,0.0333333,0.939955,0
76,PDL-Hinf(d=0.90),0.0784649,0.114081,0.78975,0.289233,0.245442,0.585124,0.661065,0.471373,0.887894,51.4101,0,0.113333,0.0633333,0.863613,0
76,PDL-Hinf(d=0.85),0.0892493,0.135005,0.863204,0.362459,0.273555,0.676362,0.698585,1.41135,1.45003,59.924,0,0.22,0.14,0.824594,0
77,Proposed,0.0153465,0.0202606,0.164065,0.102312,0.0507968,0.452109,0.51244,0.0529146,0.355716,15.7973,0,0.05,0.00333333,0.950851,0
77,PDL-Hinf(d=0.95),0.0404299,0.0497844,0.414863,0.159228,0.14719,0.434628,0.689938,0.130112,0.659312,25.5148,0,0.08,0.0433333,0.87713,0
77,PDL-Hinf(d=0.90),0.0486285,0.0720114,0.464974,0.198698,0.169407,0.6392,0.670279,0.391504,1.03468,30.57,0,0.163333,0.0766667,0.86467,0
77,PDL-Hinf(d=0.85),0.0562824,0.0823319,0.528484,0.246548,0.186176,0.8,0.700059,1.03647,1.73666,34.9083,0.00333333,0.346667,0.226667,0.849918,0
78,Proposed,0.0216908,0.0252578,0.253879,0.0593213,0.0533852,0.400376,0.415373,0.06267,0.212117,23.9582,0,0.04,0,0.969926,0
78,PDL-Hinf(d=0.95),0.0781582,0.0905683,0.825097,0.280533,0.247433,0.674558,0.486078,0.245497,0.466932,48.7031,0,0.0766667,0,0.949495,0
78,PDL-Hinf(d=0.90),0.0963216,0.130566,0.961151,0.435727,0.300838,0.8,0.58809,0.806454,0.842498,66.3577,0.00333333,0.143333,0.0933333,0.910492,0
78,PDL-Hinf(d=0.85),0.119142,0.174879,1.14385,0.598194,0.357026,0.8,0.8,2.33874,1.84326,90.4878,0.02,0.303333,0.266667,0.885098,0
79,Proposed,0.0154539,0.01857,0.171891,0.0583681,0.045515,0.400376,0.410948,0.0589833,0.236771,19.4741,0,0.0466667,0,0.930182,0
79,PDL-Hinf(d=0.95),0.0465907,0.0582532,0.454897,0.262398,0.174976,0.662443,0.53112,0.237623,0.497161,29.628,0,0.11,0.0266667,0.885287,0
79,PDL-Hinf(d=0.90),0.0759043,0.15546,0.737695,0.451394,0.225589,0.8,0.601658,0.669332,1.35651,53.9461,0.00333333,0.366667,0.316667,0.857909,0
79,PDL-Hinf(d=0.85),19.6541,36.2111,154.842,127.166,72.3639,0.8,0.8,0.285927,7.33663,690180,0.00333333,0.94,0.926667,0.832725,1
80,Proposed,0.0188673,0.0247696,0.213584,0.076099,0.056032,0.448375,0.448912,0.0612826,0.349154,19.4189,0,0.05,0,0.943329,0
80,PDL-Hinf(d=0.95),0.0533529,0.0667093,0.554323,0.194427,0.183497,0.781486,0.589667,0.180508,0.76045,32.6597,0,0.07,0.0366667,0.899291,0
80,PDL-Hinf(d=0.90),0.0657133,0.0934831,0.631548,0.293301,0.216145,0.713609,0.657353,0.46828,1.19943,41.0242,0,0.193333,0.106667,0.869958,0
80,PDL-Hinf(d=0.85),0.0809371,0.122822,0.775478,0.386758,0.245478,0.8,0.768756,1.15903,2.13403,51.4658,0.01,0.42,0.33,0.842064,0
81,Proposed,0.0154187,0.0205793,0.175393,0.0547967,0.0451049,0.400376,0.459216,0.0573053,0.232571,18.7122,0,0.0333333,0,0.962506,0
81,PDL-Hinf(d=0.95),0.0583865,0.0691065,0.61408,0.20344,0.194065,0.700042,0.606081,0.22889,0.474662,35.5313,0,0.0566667,0.0266667,0.922344,0
81,PDL-Hinf(d=0.90),0.0702197,0.102904,0.702404,0.265128,0.221479,0.633518,0.639257,0.716407,0.768707,45.6012,0,0.0766667,0.0533333,0.873158,0
81,PDL-Hinf(d=0.85),0.0788995,0.121163,0.761634,0.335516,0.24701,0.8,0.686488,2.42303,1.4394,52.85,0.00666667,0.163333,0.103333,0.842622,0
82,Proposed,0.0179841,0.0235707,0.200233,0.0776161,0.0541045,0.420983,0.475485,0.0566049,0.292731,19.3878,0,0.0466667,0,0.965761,0
82,PDL-Hinf(d=0.95),0.0639778,0.0760347,0.675968,0.220604,0.210221,0.477349,0.67633,0.160378,0.630048,38.599,0,0.07,0.0333333,0.934655,0
82,PDL-Hinf(d=0.90),0.0767645,0.111982,0.771872,0.282294,0.240744,0.50376,0.679644,0.477821,1.00931,50.0445,0,0.126667,0.0633333,0.866713,0
82,PDL-Hinf(d=0.85),0.0873451,0.13216,0.843994,0.355507,0.270442,0.8,0.709358,1.43513,1.59893,58.1539,0.00333333,0.23,0.16,0.832804,0
83,Proposed,0.0180969,0.0262341,0.199121,0.107422,0.0553137,0.400376,0.571526,0.0460003,0.562639,14.7559,0,0.0533333,0.00666667,0.956516,0
83,PDL-Hinf(d=0.95),0.0420473,0.0469566,0.442087,0.163377,0.145968,0.40408,0.765638,0.121922,1.14305,25.7879,0,0.106667,0.0566667,0.887569,0
83,PDL-Hinf(d=0.90),0.0496296,0.0713874,0.488831,0.174032,0.162281,0.411628,0.750237,0.368919,1.57365,31.28,0,0.176667,0.1,0.866925,0
83,PDL-Hinf(d=0.85),0.0547812,0.0834793,0.522646,0.197049,0.175113,0.734198,0.761572,1.02536,2.09794,34.0117,0,0.283333,0.176667,0.846804,0
84,Proposed,0.0107027,0.0134682,0.122224,0.0492383,0.0338209,0.400376,0.457318,0.058469,0.219449,15.9748,0,0.03,0,0.947329,0
84,PDL-Hinf(d=0.95),0.0376494,0.0454559,0.384911,0.14187,0.135282,0.703989,0.55516,0.238472,0.370647,24.8323,0,0.0533333,0.01,0.88148,0
84,PDL-Hinf(d=0.90),0.0454297,0.0676817,0.437264,0.198188,0.154514,0.597744,0.564838,0.78404,0.610296,29.7834,0,0.08,0.0466667,0.856085,0
84,PDL-Hinf(d=0.85),0.0513432,0.0778721,0.475588,0.266507,0.173991,0.8,0.592054,2.65315,1.297,34.4873,0.0133333,0.146667,0.11,0.831935,0
85,Proposed,0.0156712,0.0262269,0.170927,0.117187,0.0505971,0.446201,0.571215,0.050601,0.587335,14.832,0,0.0533333,0.01,0.964206,0
85,PDL-Hinf(d=0.95),0.0440305,0.0523153,0.455634,0.16945,0.157519,0.40408,0.770473,0.114761,0.939894,27.0978,0,0.1,0.0566667,0.926677,0
85,PDL-Hinf(d=0.90),0.0533767,0.0800929,0.52267,0.215484,0.17894,0.408743,0.747954,0.34064,1.27918,33.6522,0,0.156667,0.0966667,0.850766,0
85,PDL-Hinf(d=0.85),0.059657,0.0946925,0.569601,0.242434,0.19692,0.8,0.787777,0.935276,1.93043,37.4671,0.00333333,0.306667,0.166667,0.839586,0
86,Proposed,0.013953,0.0189005,0.15625,0.0653154,0.0445556,0.419638,0.472594,0.0565618,0.277376,16.6004,0,0.0366667,0,0.948553,0
86,PDL-Hinf(d=0.95),0.0435806,0.0528064,0.450649,0.161224,0.153341,0.530832,0.608567,0.184389,0.518924,27.3664,0,0.06,0.0333333,0.895499,0
86,PDL-Hinf(d=0.90),0.0520599,0.0777861,0.505703,0.209346,0.174147,0.443342,0.627064,0.578075,0.803252,33.1555,0,0.0866667,0.0566667,0.868819,0
86,PDL-Hinf(d=0.85),0.058758,0.0892448,0.550563,0.269371,0.192885,0.8,0.662606,1.83118,1.38436,37.5102,0.00333333,0.183333,0.12,0.842498,0
87,Proposed,0.0175726,0.0255956,0.195386,0.11512,0.0545292,0.400376,0.580099,0.0473078,0.603195,14.2557,0,0.0533333,0.01,0.958313,0
87,PDL-Hinf(d=0.95),0.0397494,0.0442937,0.416268,0.157189,0.138642,0.40408,0.770361,0.119665,1.09705,24.7021,0,0.106667,0.06,0.896346,0
87,PDL-Hinf(d=0.90),0.0471874,0.0681345,0.4654,0.165788,0.153193,0.54078,0.750789,0.366958,1.46811,29.8999,0,0.173333,0.1,0.860436,0
87,PDL-Hinf(d=0.85),0.0517773,0.0800538,0.496465,0.184398,0.165136,0.709364,0.771862,1.00846,1.93749,32.3284,0,0.26,0.156667,0.842102,0
88,Proposed,0.0267387,0.0348606,0.310147,0.075962,0.0690547,0.400376,0.459813,0.0601839,0.53261,23.864,0,0.0533333,0,0.962238,0
88,PDL-Hinf(d=0.95),0.076846,0.0923996,0.811296,0.260013,0.24639,0.532908,0.752404,0.16225,1.27874,46.9789,0,0.103333,0.04,0.934341,0
88,PDL-Hinf(d=0.90),0.0996446,0.132003,0.985609,0.423844,0.300663,0.456448,0.778836,0.401403,2.04421,66.1022,0,0.316667,0.18,0.867668,0
88,PDL-Hinf(d=0.85),0.300203,0.519766,3.35396,1.44637,0.76243,0.656263,0.8,0.419849,6.52964,277.372,0,0.96,0.876667,0.829063,0
89,Proposed,0.0133852,0.0166397,0.145963,0.077828,0.0443138,0.400376,0.478781,0.0571704,0.291187,16.7778,0,0.0433333,0,0.958018,0
89,PDL-Hinf(d=0.95),0.0472939,0.0575164,0.48909,0.176889,0.166377,0.667683,0.621847,0.16677,0.478162,29.3184,0,0.0633333,0.0333333,0.907985,0
89,PDL-Hinf(d=0.90),0.0571316,0.0853848,0.557439,0.229497,0.190689,0.712956,0.616836,0.495839,0.751616,36.3793,0,0.106667,0.0566667,0.850274,0
89,PDL-Hinf(d=0.85),0.0648268,0.0989908,0.610362,0.294118,0.211473,0.789269,0.637335,1.44779,1.28538,41.3595,0,0.193333,0.13,0.825757,0
90,Proposed,0.0131885,0.0163838,0.151351,0.0396615,0.0372621,0.400376,0.422164,0.061341,0.186186,17.8369,0,0.0233333,0,0.930477,0
90,PDL-Hinf(d=0.95),0.0412217,0.0511999,0.419811,0.165328,0.146553,0.772532,0.486448,0.277404,0.390729,26.7983,0,0.06,0,0.893752,0
90,PDL-Hinf(d=0.90),0.0498596,0.0723633,0.471171,0.250605,0.171151,0.8,0.52829,0.903977,0.707727,32.4657,0.00333333,0.116667,0.0566667,0.86709,0
90,PDL-Hinf(d=0.85),0.0588142,0.0824869,0.534647,0.329361,0.193317,0.8,0.644337,2.94118,1.5189,39.6,0.02,0.213333,0.193333,0.840972,0
91,Proposed,0.0119544,0.0143935,0.136693,0.0476093,0.0364137,0.400376,0.439887,0.0588952,0.198744,17.7086,0,0.03,0,0.95631,0
91,PDL-Hinf(d=0.95),0.0485833,0.0587531,0.50181,0.178813,0.16823,0.798578,0.529651,0.233357,0.346323,30.4214,0.00333333,0.0633333,0.0133333,0.900705,0
91,PDL-Hinf(d=0.90),0.0585972,0.0870765,0.572691,0.248082,0.192237,0.639055,0.540387,0.71029,0.574039,37.791,0,0.0866667,0.0433333,0.854513,0
91,PDL-Hinf(d=0.85),0.0671399,0.100972,0.626757,0.33075,0.21778,0.8,0.572603,2.29686,1.23774,44.5409,0.00666667,0.17,0.13,0.827554,0
92,Proposed,0.0157013,0.0198138,0.179411,0.0481383,0.0445067,0.400376,0.441005,0.0579212,0.216213,18.7973,0,0.03,0,0.952062,0
92,PDL-Hinf(d=0.95),0.0531456,0.0642268,0.553996,0.189115,0.180293,0.684693,0.555666,0.23756,0.456707,32.7129,0,0.0533333,0.0133333,0.903291,0
92,PDL-Hinf(d=0.90),0.0633685,0.0939029,0.623516,0.257527,0.204671,0.8,0.58073,0.774573,0.765653,40.7875,0.00333333,0.0933333,0.0566667,0.87349,0
92,PDL-Hinf(d=0.85),0.0721428,0.108083,0.681697,0.334014,0.229158,0.8,0.618026,2.50419,1.45618,47.5688,0.00666667,0.183333,0.136667,0.844137,0
93,Proposed,0.0198565,0.0261739,0.21544,0.105759,0.0625334,0.436137,0.520278,0.0499475,0.38644,19.0163,0,0.0533333,0.00333333,0.968435,0
93,PDL-Hinf(d=0.95),0.0657434,0.0782187,0.694737,0.229624,0.218384,0.40408,0.757994,0.122063,0.953972,39.3952,0,0.103333,0.0533333,0.941161,0
93,PDL-Hinf(d=0.90),0.0789454,0.114317,0.790002,0.298488,0.253282,0.464724,0.74338,0.360545,1.507,51.3513,0,0.196667,0.0933333,0.884909,0
93,PDL-Hinf(d=0.85),0.0907016,0.136753,0.870496,0.359283,0.286373,0.628237,0.781106,0.890536,2.31255,60.2061,0,0.356667,0.24,0.845087,0
94,Proposed,0.0108014,0.0124309,0.125628,0.0453429,0.0323498,0.400376,0.452991,0.0597719,0.257017,17.2034,0,0.0266667,0,0.963266,0
94,PDL-Hinf(d=0.95),0.0502566,0.0592837,0.522827,0.180856,0.171867,0.8,0.552935,0.262319,0.41085,31.3439,0.00333333,0.0533333,0.0133333,0.926595,0
94,PDL-Hinf(d=0.90),0.0615149,0.0904083,0.607298,0.248692,0.197991,0.8,0.560516,0.82749,0.651993,40.0934,0.00333333,0.0766667,0.0466667,0.846689,0
94,PDL-Hinf(d=0.85),0.0695399,0.107062,0.663821,0.327142,0.224635,0.8,0.593279,2.81822,1.33319,46.9242,0.0133333,0.12,0.09,0.820516,0
95,Proposed,0.0134169,0.0154887,0.153479,0.0389957,0.0369376,0.400376,0.415139,0.0638283,0.156156,19.4457,0,0.0333333,0,0.956571,0
95,PDL-Hinf(d=0.95),0.0537475,0.0649773,0.553477,0.21829,0.185098,0.545688,0.46182,0.259903,0.305839,33.6328,0,0.0633333,0,0.910714,0
95,PDL-Hinf(d=0.90),0.0680405,0.0944112,0.643502,0.37708,0.230235,0.8,0.478292,0.881153,0.673814,45.1178,0.00333333,0.13,0.0966667,0.852728,0
95,PDL-Hinf(d=0.85),0.0975472,0.179633,1.00016,0.499042,0.2662,0.8,0.8,2.09234,2.58185,83.5286,0.00666667,0.51,0.476667,0.824593,0
96,Proposed,0.0140249,0.0186453,0.156103,0.0791451,0.0439472,0.400376,0.516867,0.0544515,0.450742,15.6754,0,0.0433333,0,0.965182,0
96,PDL-Hinf(d=0.95),0.0484729,0.0567831,0.507077,0.176466,0.16745,0.522643,0.719504,0.160918,0.746588,29.655,0,0.07,0.0366667,0.92778,0
96,PDL-Hinf(d=0.90),0.0590474,0.0876445,0.587391,0.229047,0.191387,0.412197,0.700522,0.51415,1.035,37.7517,0,0.11,0.07,0.851456,0
96,PDL-Hinf(d=0.85),0.0659647,0.104641,0.638484,0.258267,0.205283,0.8,0.736697,1.64016,1.52103,42.492,0.00333333,0.176667,0.11,0.825579,0
97,Proposed,0.0251889,0.0317509,0.292052,0.0814916,0.0677505,0.400376,0.442952,0.0602481,0.415866,24.7188,0,0.0666667,0,0.969547,0
97,PDL-Hinf(d=0.95),0.0819052,0.0968,0.856252,0.306787,0.266438,0.636818,0.709058,0.165168,1.02794,50.711,0,0.126667,0.04,0.949401,0
97,PDL-Hinf(d=0.90),0.108986,0.157675,1.0727,0.503703,0.329659,0.653342,0.76494,0.387342,1.86835,75.1896,0,0.34,0.25,0.912765,0
97,PDL-Hinf(d=0.85),1.23302,1.63657,12.1165,4.28307,2.9993,0.8,0.8,0.290644,7.38906,2499.28,0.00666667,0.983333,0.946667,0.888114,0
98,Proposed,0.0108789,0.0119402,0.124509,0.0546745,0.0333063,0.400376,0.452704,0.064064,0.310754,17.3719,0,0.0366667,0,0.964914,0
98,PDL-Hinf(d=0.95),0.0511985,0.0611105,0.531509,0.186315,0.175738,0.629879,0.537335,0.204645,0.441438,31.8619,0,0.0666667,0.0233333,0.931854,0
98,PDL-Hinf(d=0.90),0.0628608,0.0925787,0.619497,0.26321,0.204695,0.735931,0.53562,0.632975,0.665952,40.8334,0,0.09,0.05,0.838272,0
98,PDL-Hinf(d=0.85),0.0719334,0.109667,0.677908,0.338786,0.230449,0.8,0.569011,1.91824,1.27803,48.2927,0.00666667,0.2,0.116667,0.804568,0
99,Proposed,0.0193764,0.0301632,0.218845,0.125398,0.0573343,0.400376,0.632955,0.0406993,0.832375,13.4677,0,0.0566667,0.0133333,0.963195,0
99,PDL-Hinf(d=0.95),0.0381251,0.0439511,0.408068,0.170784,0.124926,0.40408,0.8,0.111152,1.46657,23.6116,0,0.143333,0.08,0.916761,0
99,PDL-Hinf(d=0.90),0.0452749,0.0615363,0.456025,0.162373,0.135205,0.408743,0.779712,0.329886,1.922,28.8647,0,0.236667,0.133333,0.855417,0
99,PDL-Hinf(d=0.85),0.0496883,0.0747222,0.485985,0.169983,0.143289,0.53635,0.787236,0.889902,2.4569,31.378,0,0.356667,0.206667,0.838767,0
